Year,avg_weather_delay
2010,3.0017262029406058
2003,7.322128836339628
2005,5.899197636179315
2009,0.45316615137982363
2006,3.90166417898419
2004,6.731977762295699
2008,3.8261368163576766
2007,4.118310735692466
