Year,avg_late_aircraft_delay
2010,40.58279404532113
2003,39.52657745847512
2005,48.99199176172033
2009,33.585314999939314
2006,46.88303100273421
2004,31.58844946490994
2008,37.216490147177986
2007,44.982396626138424
