Year,avg_nas_delay
2010,33.96894566701163
2003,29.062016562681986
2005,17.0848086366265
2009,37.63093330628511
2006,18.333088891336992
2004,18.925801173327223
2008,30.64462025393314
2007,30.456900257463147
