Year,avg_carrier_delay
2010,22.446534084726636
2003,24.089277142503274
2005,28.02400196547384
2009,28.33058554239575
2006,30.882215926944603
2004,42.753771599467136
2008,28.3127527825312
2007,20.20947312604757
